init.started,init.stopped,participant,date,expName,psychopyVersion,OS,frameRate,Start.started,Start.stopped,instrKeyResp_Start.keys,instrKeyResp_Start.rt,instrKeyResp_Start.duration,ProlificID.started,ProlificID.stopped,textboxProlific_IDA.text,instrKeyResp_Start_2.keys,instrKeyResp_Start_2.rt,instrKeyResp_Start_2.duration,CES_D10.started,CES_D10.stopped,CESD_Q1Slider.response,CESD_Q1Slider.rt,CESD_Q2Slider.response,CESD_Q2Slider.rt,CESD_Q3Slider.response,CESD_Q3Slider.rt,CESD_Q4Slider.response,CESD_Q4Slider.rt,CESD_Q5Slider.response,CESD_Q5Slider.rt,key_resp_3.keys,key_resp_3.rt,key_resp_3.duration,CES_D10_1.started,CES_D10_1.stopped,CESD_Q6Slider.response,CESD_Q6Slider.rt,CESD_Q7Slider.response,CESD_Q7Slider.rt,CESD_Q8Slider.response,CESD_Q8Slider.rt,CESD_Q9Slider.response,CESD_Q9Slider.rt,CESD_Q10Slider.response,CESD_Q10Slider.rt,key_resp.keys,key_resp.rt,key_resp.duration,trials.thisRepN,trials.thisTrialN,trials.thisN,trials.thisIndex,trials.ran,instruction.started,instruction.stopped,instrKeyResp.keys,instrKeyResp.rt,instrKeyResp.duration,lifeHappy.started,lifeHappy.stopped,lifeHappySlider.response,lifeHappySlider.rt,lifeHappyResp.keys,lifeHappyResp.rt,lifeHappyResp.duration,instruction_2.started,instruction_2.stopped,instrKeyResp_2.keys,instrKeyResp_2.rt,instrKeyResp_2.duration,Traning.started,Traning.stopped,ContinueKey_Traning.keys,ContinueKey_Traning.rt,ContinueKey_Traning.duration,Training1.started,Training1.stopped,leftListener.keys,leftListener.rt,leftListener.duration,rightListener.keys,Tshowchoice.started,Tshowchoice.stopped,train.thisRepN,train.thisTrialN,train.thisN,train.thisIndex,train.ran,Rep,CertainValue,HighGamble,LowGamble,CertainDuration,LowDuration,HighDuration,left,right,KeyInst,Result,DecisionText,rightListener.rt,rightListener.duration,GameStart.started,GameStart.stopped,ContinueKey_Game.keys,ContinueKey_Game.rt,ContinueKey_Game.duration,blockHappy.started,blockHappy.stopped,blockHappySlider.response,blockHappySlider.rt,blockHappyResp.keys,blockHappyResp.rt,blockHappyResp.duration,blank.started,blank.stopped,getAnswer.started,getAnswer.stopped,isHappyBlock,isCongruent,isWinOnTop,lastHappyRating,diff,sumDiff,RPE,winAmount,loseAmount,certainAmount,choice,outcome,outcomeAmount,currentWinnings,blockNum,targetHappiness,highAmount,choiceKey.keys,choiceKey.rt,choiceKey.duration,showChoice.started,showChoice.stopped,showResult.started,showResult.stopped,ITI.started,ITI.stopped,trialLoop.thisRepN,trialLoop.thisTrialN,trialLoop.thisN,trialLoop.thisIndex,trialLoop.ran,ISI.started,ISI.stopped,trialHappy.started,trialHappy.stopped,happySlider.response,happySlider.rt,happyResp.keys,happyResp.rt,happyResp.duration,Demographic_questionnaire.started,Demographic_questionnaire.stopped,instrKeyResp_Demo.keys,instrKeyResp_Demo.rt,instrKeyResp_Demo.duration,Demographic_1.started,Demographic_1.stopped,Age_textbox.text,Education_textbox.text,fill_key_resp.keys,fill_key_resp.rt,fill_key_resp.duration,Demographic_2.started,Demographic_2.stopped,GenderSlider.response,GenderSlider.rt,Marital_StatusSlider.response,Marital_StatusSlider.rt,TimeSlider.response,TimeSlider.rt,choice_key_resp.keys,choice_key_resp.rt,choice_key_resp.duration,Demographic_3.started,Demographic_3.stopped,DiagnosesSlider_2.response,DiagnosesSlider_2.rt,Diagnoses_textbox.text,Space_DiagnosesKey.keys,Space_DiagnosesKey.rt,Space_DiagnosesKey.duration,FinalQuestionnaire.started,FinalQuestionnaire.stopped,instrKeyResp_3.keys,instrKeyResp_3.rt,instrKeyResp_3.duration,FQuestion.started,FQuestion.stopped,FQuestion_1_KeyResp.keys,FQuestion_1_KeyResp.rt,FQuestion_1_KeyResp.duration,FQuestion_2.started,FQuestion_2.stopped,FQuestion_2_KeyResp.keys,FQuestion_2_KeyResp.rt,FQuestion_2_KeyResp.duration,FQuestion_3.started,FQuestion_3.stopped,FQuestion_3_KeyResp.keys,FQuestion_3_KeyResp.rt,FQuestion_3_KeyResp.duration,Alertness_test_Q.started,Alertness_test_Q.stopped,Alertness_test_KeyResp.keys,Alertness_test_KeyResp.rt,Alertness_test_KeyResp.duration,FQuestion_4.started,FQuestion_4.stopped,FQuestion_4_KeyResp.keys,FQuestion_4_KeyResp.rt,FQuestion_4_KeyResp.duration,FQuestion_5.started,FQuestion_5.stopped,FQuestion_5_KeyResp.keys,FQuestion_5_KeyResp.rt,FQuestion_5_KeyResp.duration,FairnessFillin.started,FairnessFillin.stopped,Fairness_textbox.text,Fairness_key.keys,Fairness_key.rt,Fairness_key.duration,FQuestion_6.started,FQuestion_6.stopped,FQuestion_6_KeyResp.keys,FQuestion_6_KeyResp.rt,FQuestion_6_KeyResp.duration,FQuestion_7.started,FQuestion_7.stopped,FQuestion_7_KeyResp.keys,FQuestion_7_KeyResp.rt,FQuestion_7_KeyResp.duration,FQuestion_8.started,FQuestion_8.stopped,FQuestion_8_KeyResp.keys,FQuestion_8_KeyResp.rt,FQuestion_8_KeyResp.duration,showWinnings.started,finalWinnings,cashBonus,showWinnings.stopped,goodbyeKeyResp_2.keys,goodbyeKeyResp_2.rt,goodbyeKeyResp_2.duration,showHash.started,hashCode,showHash.stopped,goodbyeKeyResp.keys,goodbyeKeyResp.rt,goodbyeKeyResp.duration,URL.started,URL.stopped,logWinningLoop.thisRepN,logWinningLoop.thisTrialN,logWinningLoop.thisN,logWinningLoop.thisIndex,logWinningLoop.ran
0.0004,0.0005,,2024-10-10_09h06.52.511,Mmi_Reward,2023.2.3,Win32,60.97560976,,,,,,,,,,,,,,,,,,,,,,,,,,,,,,,,,,,,,,,,,,,,,,,,,,,,,,,,,,,,,,,,,,,,,,,,,,,,,,,,,,,,,,,,,,,,,,,,,,,,,,,,,,,,,,,,,,,,,,,,,,,,,,,,,,,,,,,,,,,,,,,,,,,,,,,,,,,,,,,,,,,,,,,,,,,,,,,,,,,,,,,,,,,,,,,,,,,,,,,,,,,,,,,,,,,,,,,,,,,,,,,,,,,,,,,,,,,,,,,,,,,,,,,,,,,,,,,,,,
,,,2024-10-10_09h06.52.511,Mmi_Reward,2023.2.3,Win32,60.97560976,0.0006,4.6372,space,4.6149,,,,,,,,,,,,,,,,,,,,,,,,,,,,,,,,,,,,,,,,,,,,,,,,,,,,,,,,,,,,,,,,,,,,,,,,,,,,,,,,,,,,,,,,,,,,,,,,,,,,,,,,,,,,,,,,,,,,,,,,,,,,,,,,,,,,,,,,,,,,,,,,,,,,,,,,,,,,,,,,,,,,,,,,,,,,,,,,,,,,,,,,,,,,,,,,,,,,,,,,,,,,,,,,,,,,,,,,,,,,,,,,,,,,,,,,,,,,,,,,,,,,,,,,,,,,,,
,,,2024-10-10_09h06.52.511,Mmi_Reward,2023.2.3,Win32,60.97560976,,,,,,4.6377,13.862,a4885,space,9.1997,,,,,,,,,,,,,,,,,,,,,,,,,,,,,,,,,,,,,,,,,,,,,,,,,,,,,,,,,,,,,,,,,,,,,,,,,,,,,,,,,,,,,,,,,,,,,,,,,,,,,,,,,,,,,,,,,,,,,,,,,,,,,,,,,,,,,,,,,,,,,,,,,,,,,,,,,,,,,,,,,,,,,,,,,,,,,,,,,,,,,,,,,,,,,,,,,,,,,,,,,,,,,,,,,,,,,,,,,,,,,,,,,,,,,,,,,,,,,,,,,,,,,,,,
,,,2024-10-10_09h06.52.511,Mmi_Reward,2023.2.3,Win32,60.97560976,,,,,,,,,,,,13.864,27.4725,2,6.3757,4,8.3183,4,9.599,4,11.7466,1,13.0224,space,0.566,,27.4732,36.8064,3,3.7111,3,4.5392,2,5.9884,4,7.8048,4,9.0935,space,0.2223,,0,0,0,0,1,,,,,,,,,,,,,,,,,,,,,,,,,,,,,,,,,,,,,,,,,,,,,,,,,,,,,,,,,,,,,,,,,,,,,,,,,,,,,,,,,,,,,,,,,,,,,,,,,,,,,,,,,,,,,,,,,,,,,,,,,,,,,,,,,,,,,,,,,,,,,,,,,,,,,,,,,,,,,,,,,,,,,,,,,,,,,,,,,,,,,,,,,,,,,,,,,,,,,,,,,,,,,,,,,,,,
,,,2024-10-10_09h06.52.511,Mmi_Reward,2023.2.3,Win32,60.97560976,,,,,,,,,,,,,,,,,,,,,,,,,,,,,,,,,,,,,,,,,,,,,,,46.8576,53.7896,space,6.9083,,53.7903,59.3396,0,5.041,space,2.5135,,,,,,,,,,,,,,,,,,,,,,,,,,,,,,,,,,,,,,,,,,,,,,,,,,,,,,,,,,,,,,,,,,,,,,,,,,,,,,,,,,,,,,,,,,,,,,,,,,,,,,,,,,,,,,,,,,,,,,,,,,,,,,,,,,,,,,,,,,,,,,,,,,,,,,,,,,,,,,,,,,,,,,,,,,,,,,,,,,,,,,,,,,,,,,,,,,,,,,,,,
,,,2024-10-10_09h06.52.511,Mmi_Reward,2023.2.3,Win32,60.97560976,,,,,,,,,,,,,,,,,,,,,,,,,,,,,,,,,,,,,,,,,,,,,,,,,,,,,,,,,,,91.7925,97.0085,space,5.2012,,97.0092,98.2752,space,1.252,,,,,,,,,,,,,,,,,,,,,,,,,,,,,,,,,,,,,,,,,,,,,,,,,,,,,,,,,,,,,,,,,,,,,,,,,,,,,,,,,,,,,,,,,,,,,,,,,,,,,,,,,,,,,,,,,,,,,,,,,,,,,,,,,,,,,,,,,,,,,,,,,,,,,,,,,,,,,,,,,,,,,,,,,,,,,,,,,,,,,,,,,,,,,,,
,,,2024-10-10_09h06.52.511,Mmi_Reward,2023.2.3,Win32,60.97560976,,,,,,,,,,,,,,,,,,,,,,,,,,,,,,,,,,,,,,,,,,,,,,,,,,,,,,,,,,,,,,,,,,,,,98.2882,100.1091,left,1.8045,,,100.1094,105.1079,0,0,0,0,1,1,0,1,-1,5,0,0,1,0,left,Certain,Choose the certain option,,,,,,,,,,,,,,,,,,,,,,,,,,,,,,,,,,,,,,,,,,,,,,,,,,,,,,,,,,,,,,,,,,,,,,,,,,,,,,,,,,,,,,,,,,,,,,,,,,,,,,,,,,,,,,,,,,,,,,,,,,,,,,,,,,,,,,,,,,,,,,,,,,,,,,,,,,,,,,,,,,,,,
,,,2024-10-10_09h06.52.511,Mmi_Reward,2023.2.3,Win32,60.97560976,,,,,,,,,,,,,,,,,,,,,,,,,,,,,,,,,,,,,,,,,,,,,,,,,,,,,,,,,,,,,,,,,,,,,105.1084,106.3078,,,,right,106.3078,111.3086,0,1,1,1,1,2,0,1,-1,0,3,5,0,1,right,Win,Choose the gamble option,1.1838,,,,,,,,,,,,,,,,,,,,,,,,,,,,,,,,,,,,,,,,,,,,,,,,,,,,,,,,,,,,,,,,,,,,,,,,,,,,,,,,,,,,,,,,,,,,,,,,,,,,,,,,,,,,,,,,,,,,,,,,,,,,,,,,,,,,,,,,,,,,,,,,,,,,,,,,,,,,,,,,,,,,
,,,2024-10-10_09h06.52.511,Mmi_Reward,2023.2.3,Win32,60.97560976,,,,,,,,,,,,,,,,,,,,,,,,,,,,,,,,,,,,,,,,,,,,,,,,,,,,,,,,,,,,,,,,,,,,,111.31,112.7257,,,,right,112.7259,117.7257,0,2,2,2,1,3,0,1,-1,0,5,3,0,1,right,Lose,Choose the gamble option,1.4005,,,,,,,,,,,,,,,,,,,,,,,,,,,,,,,,,,,,,,,,,,,,,,,,,,,,,,,,,,,,,,,,,,,,,,,,,,,,,,,,,,,,,,,,,,,,,,,,,,,,,,,,,,,,,,,,,,,,,,,,,,,,,,,,,,,,,,,,,,,,,,,,,,,,,,,,,,,,,,,,,,,,
,,,2024-10-10_09h06.52.511,Mmi_Reward,2023.2.3,Win32,60.97560976,,,,,,,,,,,,,,,,,,,,,,,,,,,,,,,,,,,,,,,,,,,,,,,,,,,,,,,,,,,,,,,,,,,,,,,,,,,,,,,,,,,,,,,,,,,,,,,,117.7264,119.2763,space,1.5298,,,,,,,,,,,,,,,,,,,,,,,,,,,,,,,,,,,,,,,,,,,,,,,,,,,,,,,,,,,,,,,,,,,,,,,,,,,,,,,,,,,,,,,,,,,,,,,,,,,,,,,,,,,,,,,,,,,,,,,,,,,,,,,,,,,,,,,,,,,,,,,,,,,,,,,,,,,,,,,
,,,2024-10-10_09h06.52.511,Mmi_Reward,2023.2.3,Win32,60.97560976,,,,,,,,,,,,,,,,,,,,,,,,,,,,,,,,,,,,,,,,,,,,,,,,,,,,,,,,,,,,,,,,,,,,,,,,,,,,,,,,,,,,,,,,,,,,,,,,,,,,,119.2861,122.6933,0,2.9123,space,1.8842,,122.6937,125.6929,125.7136,127.1792,na,TRUE,FALSE,0,-0.85,-0.85,12.75,10.45,-2.3,1.95,gamble,win,10.45,10.45,1,0.85,-2.3,right,1.455,,127.1797,129.1788,129.1792,130.179,130.1808,131.1792,0,0,0,0,1,,,,,,,,,,,,,,,,,,,,,,,,,,,,,,,,,,,,,,,,,,,,,,,,,,,,,,,,,,,,,,,,,,,,,,,,,,,,,,,,,,,,,,,,,,,,,,,,,,,,,,,,,,,,,,,,,,,,
,,,2024-10-10_09h06.52.511,Mmi_Reward,2023.2.3,Win32,60.97560976,,,,,,,,,,,,,,,,,,,,,,,,,,,,,,,,,,,,,,,,,,,,,,,,,,,,,,,,,,,,,,,,,,,,,,,,,,,,,,,,,,,,,,,,,,,,,,,,,,,,,,,,,,,,,,131.1933,133.6116,na,TRUE,FALSE,0,-0.85,-1.7,13.6,14.9,1.3,5.833333333,certain,certain,5.833333333,16.28333333,1,0.85,1.3,left,2.4107,,133.6117,135.6129,135.613,136.6117,136.6135,137.6119,0,1,1,39,1,,,,,,,,,,,,,,,,,,,,,,,,,,,,,,,,,,,,,,,,,,,,,,,,,,,,,,,,,,,,,,,,,,,,,,,,,,,,,,,,,,,,,,,,,,,,,,,,,,,,,,,,,,,,,,,,,,,,
,,,2024-10-10_09h06.52.511,Mmi_Reward,2023.2.3,Win32,60.97560976,,,,,,,,,,,,,,,,,,,,,,,,,,,,,,,,,,,,,,,,,,,,,,,,,,,,,,,,,,,,,,,,,,,,,,,,,,,,,,,,,,,,,,,,,,,,,,,,,,,,,,,,,,,,,,137.6196,139.0125,na,TRUE,FALSE,0,-0.85,-2.55,14.45,10.55,-3.9,0.916666667,gamble,win,10.55,26.83333333,1,0.85,-3.9,right,1.3841,,139.0127,141.0121,141.0121,142.0128,147.995,148.9955,0,2,2,65,1,142.0152,142.5124,142.5127,147.9946,0.06,2.8825,space,3.9378,,,,,,,,,,,,,,,,,,,,,,,,,,,,,,,,,,,,,,,,,,,,,,,,,,,,,,,,,,,,,,,,,,,,,,,,,,,,,,,,,,,,,,,,,,,,,,,,,,,,,,,,,,,,
,,,2024-10-10_09h06.52.511,Mmi_Reward,2023.2.3,Win32,60.97560976,,,,,,,,,,,,,,,,,,,,,,,,,,,,,,,,,,,,,,,,,,,,,,,,,,,,,,,,,,,,,,,,,,,,,,,,,,,,,,,,,,,,,,,,,,,,,,,,,,,,,,,,,,,,,,149.0064,150.4644,na,TRUE,TRUE,0.06,-0.79,-3.34,14.4,15.2,0.8,5.6,gamble,win,15.2,42.03333333,1,0.85,0.8,right,1.4479,,150.4647,152.4612,152.4613,153.4608,153.4621,154.4626,0,3,3,17,1,,,,,,,,,,,,,,,,,,,,,,,,,,,,,,,,,,,,,,,,,,,,,,,,,,,,,,,,,,,,,,,,,,,,,,,,,,,,,,,,,,,,,,,,,,,,,,,,,,,,,,,,,,,,,,,,,,,,
,,,2024-10-10_09h06.52.511,Mmi_Reward,2023.2.3,Win32,60.97560976,,,,,,,,,,,,,,,,,,,,,,,,,,,,,,,,,,,,,,,,,,,,,,,,,,,,,,,,,,,,,,,,,,,,,,,,,,,,,,,,,,,,,,,,,,,,,,,,,,,,,,,,,,,,,,154.4698,157.3302,na,TRUE,FALSE,0.06,-0.79,-4.13,15.19,14.59,-0.6,4.463333333,gamble,win,14.59,56.62333333,1,0.85,-0.6,right,2.8508,,157.3304,159.3277,159.3277,160.3306,166.3307,167.3305,0,4,4,48,1,160.3324,160.8297,160.8297,166.3305,0.09,2.3981,,,,,,,,,,,,,,,,,,,,,,,,,,,,,,,,,,,,,,,,,,,,,,,,,,,,,,,,,,,,,,,,,,,,,,,,,,,,,,,,,,,,,,,,,,,,,,,,,,,,,,,,,,,,,,
,,,2024-10-10_09h06.52.511,Mmi_Reward,2023.2.3,Win32,60.97560976,,,,,,,,,,,,,,,,,,,,,,,,,,,,,,,,,,,,,,,,,,,,,,,,,,,,,,,,,,,,,,,,,,,,,,,,,,,,,,,,,,,,,,,,,,,,,,,,,,,,,,,,,,,,,,167.3406,168.9984,na,TRUE,TRUE,0.09,-0.76,-4.89,15.53,12.43,-3.1,2.076666667,gamble,win,12.43,69.05333333,1,0.85,-3.1,right,1.6494,,168.9986,170.9975,170.9976,171.9969,171.9981,172.9953,0,5,5,72,1,,,,,,,,,,,,,,,,,,,,,,,,,,,,,,,,,,,,,,,,,,,,,,,,,,,,,,,,,,,,,,,,,,,,,,,,,,,,,,,,,,,,,,,,,,,,,,,,,,,,,,,,,,,,,,,,,,,,
,,,2024-10-10_09h06.52.511,Mmi_Reward,2023.2.3,Win32,60.97560976,,,,,,,,,,,,,,,,,,,,,,,,,,,,,,,,,,,,,,,,,,,,,,,,,,,,,,,,,,,,,,,,,,,,,,,,,,,,,,,,,,,,,,,,,,,,,,,,,,,,,,,,,,,,,,173.0063,174.9151,na,TRUE,FALSE,0.09,-0.76,-5.65,16.29,17.29,1,6.43,certain,certain,6.43,75.48333333,1,0.85,1,left,1.8998,,174.9154,176.9109,176.911,177.914,177.9151,178.912,0,6,6,30,1,,,,,,,,,,,,,,,,,,,,,,,,,,,,,,,,,,,,,,,,,,,,,,,,,,,,,,,,,,,,,,,,,,,,,,,,,,,,,,,,,,,,,,,,,,,,,,,,,,,,,,,,,,,,,,,,,,,,
,,,2024-10-10_09h06.52.511,Mmi_Reward,2023.2.3,Win32,60.97560976,,,,,,,,,,,,,,,,,,,,,,,,,,,,,,,,,,,,,,,,,,,,,,,,,,,,,,,,,,,,,,,,,,,,,,,,,,,,,,,,,,,,,,,,,,,,,,,,,,,,,,,,,,,,,,178.9224,180.4646,na,TRUE,FALSE,0.09,-0.76,-6.41,17.05,19.65,2.6,8.283333333,certain,certain,8.283333333,83.76666667,1,0.85,2.6,left,1.5337,,180.4648,182.4635,182.4635,183.4635,189.4628,190.4627,0,7,7,58,1,183.4654,183.9637,183.964,189.4625,0.14,2.5503,,,,,,,,,,,,,,,,,,,,,,,,,,,,,,,,,,,,,,,,,,,,,,,,,,,,,,,,,,,,,,,,,,,,,,,,,,,,,,,,,,,,,,,,,,,,,,,,,,,,,,,,,,,,,,
,,,2024-10-10_09h06.52.511,Mmi_Reward,2023.2.3,Win32,60.97560976,,,,,,,,,,,,,,,,,,,,,,,,,,,,,,,,,,,,,,,,,,,,,,,,,,,,,,,,,,,,,,,,,,,,,,,,,,,,,,,,,,,,,,,,,,,,,,,,,,,,,,,,,,,,,,190.4752,192.0457,na,TRUE,TRUE,0.14,-0.71,-7.12,17.06,14.26,-2.8,2.886666667,gamble,win,14.26,98.02666667,1,0.85,-2.8,right,1.5485,,192.0459,194.0453,194.0454,195.045,195.0457,196.0451,0,8,8,42,1,,,,,,,,,,,,,,,,,,,,,,,,,,,,,,,,,,,,,,,,,,,,,,,,,,,,,,,,,,,,,,,,,,,,,,,,,,,,,,,,,,,,,,,,,,,,,,,,,,,,,,,,,,,,,,,,,,,,
,,,2024-10-10_09h06.52.511,Mmi_Reward,2023.2.3,Win32,60.97560976,,,,,,,,,,,,,,,,,,,,,,,,,,,,,,,,,,,,,,,,,,,,,,,,,,,,,,,,,,,,,,,,,,,,,,,,,,,,,,,,,,,,,,,,,,,,,,,,,,,,,,,,,,,,,,196.0504,198.1956,na,TRUE,TRUE,0.14,-0.71,-7.83,17.77,15.77,-2,3.923333333,gamble,win,15.77,113.7966667,1,0.85,-2,right,2.1229,,198.1956,200.1984,200.1984,201.1964,207.1979,208.1959,0,9,9,6,1,201.1977,201.6954,201.6954,207.1978,0.17,2.5014,,,,,,,,,,,,,,,,,,,,,,,,,,,,,,,,,,,,,,,,,,,,,,,,,,,,,,,,,,,,,,,,,,,,,,,,,,,,,,,,,,,,,,,,,,,,,,,,,,,,,,,,,,,,,,
,,,2024-10-10_09h06.52.511,Mmi_Reward,2023.2.3,Win32,60.97560976,,,,,,,,,,,,,,,,,,,,,,,,,,,,,,,,,,,,,,,,,,,,,,,,,,,,,,,,,,,,,,,,,,,,,,,,,,,,,,,,,,,,,,,,,,,,,,,,,,,,,,,,,,,,,,208.204,209.4145,na,FALSE,FALSE,0.17,-0.68,-8.51,-3.089166667,1.272291667,0.5,0.757430556,certain,certain,0.757430556,114.5540972,1,0.85,2,left,1.1996,,209.4145,211.4142,211.4142,212.4144,212.4149,213.4127,0,10,10,16,1,,,,,,,,,,,,,,,,,,,,,,,,,,,,,,,,,,,,,,,,,,,,,,,,,,,,,,,,,,,,,,,,,,,,,,,,,,,,,,,,,,,,,,,,,,,,,,,,,,,,,,,,,,,,,,,,,,,,
,,,2024-10-10_09h06.52.511,Mmi_Reward,2023.2.3,Win32,60.97560976,,,,,,,,,,,,,,,,,,,,,,,,,,,,,,,,,,,,,,,,,,,,,,,,,,,,,,,,,,,,,,,,,,,,,,,,,,,,,,,,,,,,,,,,,,,,,,,,,,,,,,,,,,,,,,213.419,214.732,na,FALSE,FALSE,0.17,-0.68,-9.19,-3.145833333,1.586458333,0.8,1.062152778,certain,certain,1.062152778,115.61625,1,0.85,3.2,left,1.3004,,214.7322,216.7304,216.7304,217.7306,223.7313,224.7317,0,11,11,56,1,217.7325,218.2324,218.2325,223.7313,0.21,2.2823,,,,,,,,,,,,,,,,,,,,,,,,,,,,,,,,,,,,,,,,,,,,,,,,,,,,,,,,,,,,,,,,,,,,,,,,,,,,,,,,,,,,,,,,,,,,,,,,,,,,,,,,,,,,,,
,,,2024-10-10_09h06.52.511,Mmi_Reward,2023.2.3,Win32,60.97560976,,,,,,,,,,,,,,,,,,,,,,,,,,,,,,,,,,,,,,,,,,,,,,,,,,,,,,,,,,,,,,,,,,,,,,,,,,,,,,,,,,,,,,,,,,,,,,,,,,,,,,,,,,,,,,224.7344,225.9844,na,TRUE,TRUE,0.21,-0.64,-9.83,18.79,19.09,0.3,6.563333333,gamble,win,19.09,134.70625,1,0.85,0.3,right,1.2354,,225.9846,227.9836,227.9837,228.982,228.9832,229.9809,0,12,12,67,1,,,,,,,,,,,,,,,,,,,,,,,,,,,,,,,,,,,,,,,,,,,,,,,,,,,,,,,,,,,,,,,,,,,,,,,,,,,,,,,,,,,,,,,,,,,,,,,,,,,,,,,,,,,,,,,,,,,,
,,,2024-10-10_09h06.52.511,Mmi_Reward,2023.2.3,Win32,60.97560976,,,,,,,,,,,,,,,,,,,,,,,,,,,,,,,,,,,,,,,,,,,,,,,,,,,,,,,,,,,,,,,,,,,,,,,,,,,,,,,,,,,,,,,,,,,,,,,,,,,,,,,,,,,,,,229.9902,231.8336,na,FALSE,TRUE,0.21,-0.64,-10.47,-3.1125,1.153125,0.375,0.634375,certain,certain,0.634375,135.340625,1,0.85,1.5,left,1.8327,,231.8337,233.8311,233.8312,234.831,234.8325,235.831,0,13,13,33,1,,,,,,,,,,,,,,,,,,,,,,,,,,,,,,,,,,,,,,,,,,,,,,,,,,,,,,,,,,,,,,,,,,,,,,,,,,,,,,,,,,,,,,,,,,,,,,,,,,,,,,,,,,,,,,,,,,,,
,,,2024-10-10_09h06.52.511,Mmi_Reward,2023.2.3,Win32,60.97560976,,,,,,,,,,,,,,,,,,,,,,,,,,,,,,,,,,,,,,,,,,,,,,,,,,,,,,,,,,,,,,,,,,,,,,,,,,,,,,,,,,,,,,,,,,,,,,,,,,,,,,,,,,,,,,235.8419,236.9001,na,TRUE,TRUE,0.21,-0.64,-11.11,20.07,20.57,0.5,7.19,gamble,win,20.57,155.910625,1,0.85,0.5,right,1.0493,,236.9003,238.8994,238.8995,239.8974,245.8994,246.8987,0,14,14,35,1,239.8979,240.3976,240.3976,245.8993,0.23,2.8686,,,,,,,,,,,,,,,,,,,,,,,,,,,,,,,,,,,,,,,,,,,,,,,,,,,,,,,,,,,,,,,,,,,,,,,,,,,,,,,,,,,,,,,,,,,,,,,,,,,,,,,,,,,,,,
,,,2024-10-10_09h06.52.511,Mmi_Reward,2023.2.3,Win32,60.97560976,,,,,,,,,,,,,,,,,,,,,,,,,,,,,,,,,,,,,,,,,,,,,,,,,,,,,,,,,,,,,,,,,,,,,,,,,,,,,,,,,,,,,,,,,,,,,,,,,,,,,,,,,,,,,,246.9041,248.1488,na,FALSE,FALSE,0.23,-0.62,-11.73,-3.1475,1.536875,0.75,1.012291667,certain,certain,1.012291667,156.9229167,1,0.85,3,left,1.2289,,248.149,250.1506,250.1507,251.1487,251.1499,252.1506,0,15,15,32,1,,,,,,,,,,,,,,,,,,,,,,,,,,,,,,,,,,,,,,,,,,,,,,,,,,,,,,,,,,,,,,,,,,,,,,,,,,,,,,,,,,,,,,,,,,,,,,,,,,,,,,,,,,,,,,,,,,,,
,,,2024-10-10_09h06.52.511,Mmi_Reward,2023.2.3,Win32,60.97560976,,,,,,,,,,,,,,,,,,,,,,,,,,,,,,,,,,,,,,,,,,,,,,,,,,,,,,,,,,,,,,,,,,,,,,,,,,,,,,,,,,,,,,,,,,,,,,,,,,,,,,,,,,,,,,252.1589,254.1509,na,TRUE,FALSE,0.23,-0.62,-12.35,21.03,22.93,1.9,8.91,certain,certain,8.91,165.8329167,1,0.85,1.9,left,1.9821,,254.1512,256.1503,256.1503,257.1505,263.1494,264.1502,0,16,16,1,1,257.1518,257.6505,257.6506,263.149,0.26,3.8,,,,,,,,,,,,,,,,,,,,,,,,,,,,,,,,,,,,,,,,,,,,,,,,,,,,,,,,,,,,,,,,,,,,,,,,,,,,,,,,,,,,,,,,,,,,,,,,,,,,,,,,,,,,,,
,,,2024-10-10_09h06.52.511,Mmi_Reward,2023.2.3,Win32,60.97560976,,,,,,,,,,,,,,,,,,,,,,,,,,,,,,,,,,,,,,,,,,,,,,,,,,,,,,,,,,,,,,,,,,,,,,,,,,,,,,,,,,,,,,,,,,,,,,,,,,,,,,,,,,,,,,264.1603,265.3354,na,TRUE,TRUE,0.26,-0.59,-12.94,21.2,20.5,-0.7,6.366666667,gamble,win,20.5,186.3329167,1,0.85,-0.7,right,1.166,,265.3357,267.3331,267.3333,268.3328,268.3334,269.3343,0,17,17,74,1,,,,,,,,,,,,,,,,,,,,,,,,,,,,,,,,,,,,,,,,,,,,,,,,,,,,,,,,,,,,,,,,,,,,,,,,,,,,,,,,,,,,,,,,,,,,,,,,,,,,,,,,,,,,,,,,,,,,
,,,2024-10-10_09h06.52.511,Mmi_Reward,2023.2.3,Win32,60.97560976,,,,,,,,,,,,,,,,,,,,,,,,,,,,,,,,,,,,,,,,,,,,,,,,,,,,,,,,,,,,,,,,,,,,,,,,,,,,,,,,,,,,,,,,,,,,,,,,,,,,,,,,,,,,,,269.3427,270.4362,na,TRUE,FALSE,0.26,-0.59,-13.53,21.79,22.39,0.6,7.863333333,gamble,win,22.39,208.7229167,1,0.85,0.6,right,1.0848,,270.4365,272.4329,272.433,273.4347,273.436,274.4351,0,18,18,22,1,,,,,,,,,,,,,,,,,,,,,,,,,,,,,,,,,,,,,,,,,,,,,,,,,,,,,,,,,,,,,,,,,,,,,,,,,,,,,,,,,,,,,,,,,,,,,,,,,,,,,,,,,,,,,,,,,,,,
,,,2024-10-10_09h06.52.511,Mmi_Reward,2023.2.3,Win32,60.97560976,,,,,,,,,,,,,,,,,,,,,,,,,,,,,,,,,,,,,,,,,,,,,,,,,,,,,,,,,,,,,,,,,,,,,,,,,,,,,,,,,,,,,,,,,,,,,,,,,,,,,,,,,,,,,,274.4413,275.783,na,TRUE,FALSE,0.26,-0.59,-14.12,22.38,21.48,-0.9,6.56,gamble,win,21.48,230.2029167,1,0.85,-0.9,right,1.322,,275.7832,277.7847,277.7849,278.7848,284.7859,285.7856,0,19,19,68,1,278.7867,279.2844,279.2846,284.7858,0.34,2.217,,,,,,,,,,,,,,,,,,,,,,,,,,,,,,,,,,,,,,,,,,,,,,,,,,,,,,,,,,,,,,,,,,,,,,,,,,,,,,,,,,,,,,,,,,,,,,,,,,,,,,,,,,,,,,
,,,2024-10-10_09h06.52.511,Mmi_Reward,2023.2.3,Win32,60.97560976,,,,,,,,,,,,,,,,,,,,,,,,,,,,,,,,,,,,,,,,,,,,,,,,,,,,,,,,,,,,,,,,,,,,,,,,,,,,,,,,,,,,,,,,,,,,,,,,,,,,,,,,,,,,,,285.7922,287.003,na,TRUE,TRUE,0.34,-0.51,-14.63,21.77,20.27,-1.5,5.756666667,gamble,win,20.27,250.4729167,1,0.85,-1.5,right,1.2019,,287.0032,289.0028,289.0029,290.0015,290.0031,291.0018,0,20,20,9,1,,,,,,,,,,,,,,,,,,,,,,,,,,,,,,,,,,,,,,,,,,,,,,,,,,,,,,,,,,,,,,,,,,,,,,,,,,,,,,,,,,,,,,,,,,,,,,,,,,,,,,,,,,,,,,,,,,,,
,,,2024-10-10_09h06.52.511,Mmi_Reward,2023.2.3,Win32,60.97560976,,,,,,,,,,,,,,,,,,,,,,,,,,,,,,,,,,,,,,,,,,,,,,,,,,,,,,,,,,,,,,,,,,,,,,,,,,,,,,,,,,,,,,,,,,,,,,,,,,,,,,,,,,,,,,291.01,292.1674,na,FALSE,TRUE,0.34,-0.51,-15.14,-3.046666667,0.861666667,0.1,0.353888889,certain,certain,0.353888889,250.8268056,1,0.85,0.4,left,1.1377,,292.1678,294.1692,294.1693,295.1674,301.1692,302.1691,0,21,21,21,1,295.1693,295.6668,295.6668,301.1691,0.31,5.2019,,,,,,,,,,,,,,,,,,,,,,,,,,,,,,,,,,,,,,,,,,,,,,,,,,,,,,,,,,,,,,,,,,,,,,,,,,,,,,,,,,,,,,,,,,,,,,,,,,,,,,,,,,,,,,
,,,2024-10-10_09h06.52.511,Mmi_Reward,2023.2.3,Win32,60.97560976,,,,,,,,,,,,,,,,,,,,,,,,,,,,,,,,,,,,,,,,,,,,,,,,,,,,,,,,,,,,,,,,,,,,,,,,,,,,,,,,,,,,,,,,,,,,,,,,,,,,,,,,,,,,,,302.176,303.9846,na,TRUE,TRUE,0.31,-0.54,-15.68,23.24,25.34,2.1,9.846666667,certain,certain,9.846666667,260.6734722,1,0.85,2.1,left,1.7937,,303.9847,305.9842,305.9843,306.9846,306.986,307.9844,0,22,22,60,1,,,,,,,,,,,,,,,,,,,,,,,,,,,,,,,,,,,,,,,,,,,,,,,,,,,,,,,,,,,,,,,,,,,,,,,,,,,,,,,,,,,,,,,,,,,,,,,,,,,,,,,,,,,,,,,,,,,,
,,,2024-10-10_09h06.52.511,Mmi_Reward,2023.2.3,Win32,60.97560976,,,,,,,,,,,,,,,,,,,,,,,,,,,,,,,,,,,,,,,,,,,,,,,,,,,,,,,,,,,,,,,,,,,,,,,,,,,,,,,,,,,,,,,,,,,,,,,,,,,,,,,,,,,,,,307.9943,309.7709,na,FALSE,FALSE,0.31,-0.54,-16.22,-3.241666667,0.810416667,0,0.270138889,gamble,lose,0,260.6734722,1,0.85,0,right,1.7676,,309.7711,311.7695,311.7696,312.7701,318.7706,319.77,0,23,23,40,1,312.7715,313.2701,313.2702,318.7704,0.23,2.8171,,,,,,,,,,,,,,,,,,,,,,,,,,,,,,,,,,,,,,,,,,,,,,,,,,,,,,,,,,,,,,,,,,,,,,,,,,,,,,,,,,,,,,,,,,,,,,,,,,,,,,,,,,,,,,
,,,2024-10-10_09h06.52.511,Mmi_Reward,2023.2.3,Win32,60.97560976,,,,,,,,,,,,,,,,,,,,,,,,,,,,,,,,,,,,,,,,,,,,,,,,,,,,,,,,,,,,,,,,,,,,,,,,,,,,,,,,,,,,,,,,,,,,,,,,,,,,,,,,,,,,,,319.7765,321.5217,na,FALSE,FALSE,0.23,-0.62,-16.84,-3.573333333,1.493333333,0.6,0.897777778,certain,certain,0.897777778,261.57125,1,0.85,2.4,left,1.7352,,321.5219,323.5204,323.5205,324.5185,324.5197,325.52,0,24,24,26,1,,,,,,,,,,,,,,,,,,,,,,,,,,,,,,,,,,,,,,,,,,,,,,,,,,,,,,,,,,,,,,,,,,,,,,,,,,,,,,,,,,,,,,,,,,,,,,,,,,,,,,,,,,,,,,,,,,,,
,,,2024-10-10_09h06.52.511,Mmi_Reward,2023.2.3,Win32,60.97560976,,,,,,,,,,,,,,,,,,,,,,,,,,,,,,,,,,,,,,,,,,,,,,,,,,,,,,,,,,,,,,,,,,,,,,,,,,,,,,,,,,,,,,,,,,,,,,,,,,,,,,,,,,,,,,325.5269,326.5549,na,TRUE,TRUE,0.23,-0.62,-17.46,26.14,23.24,-2.9,5.813333333,gamble,win,23.24,284.81125,1,0.85,-2.9,right,1.0176,,326.555,328.5531,328.5532,329.5536,329.5541,330.5536,0,25,25,3,1,,,,,,,,,,,,,,,,,,,,,,,,,,,,,,,,,,,,,,,,,,,,,,,,,,,,,,,,,,,,,,,,,,,,,,,,,,,,,,,,,,,,,,,,,,,,,,,,,,,,,,,,,,,,,,,,,,,,
,,,2024-10-10_09h06.52.511,Mmi_Reward,2023.2.3,Win32,60.97560976,,,,,,,,,,,,,,,,,,,,,,,,,,,,,,,,,,,,,,,,,,,,,,,,,,,,,,,,,,,,,,,,,,,,,,,,,,,,,,,,,,,,,,,,,,,,,,,,,,,,,,,,,,,,,,330.5595,332.7018,na,TRUE,TRUE,0.23,-0.62,-18.08,26.76,22.76,-4,4.92,gamble,win,22.76,307.57125,1,0.85,-4,right,2.1206,,332.702,334.7022,334.7022,335.7024,341.7047,342.7027,0,26,26,51,1,335.7043,336.2038,336.204,341.7046,0.36,2.0663,,,,,,,,,,,,,,,,,,,,,,,,,,,,,,,,,,,,,,,,,,,,,,,,,,,,,,,,,,,,,,,,,,,,,,,,,,,,,,,,,,,,,,,,,,,,,,,,,,,,,,,,,,,,,,
,,,2024-10-10_09h06.52.511,Mmi_Reward,2023.2.3,Win32,60.97560976,,,,,,,,,,,,,,,,,,,,,,,,,,,,,,,,,,,,,,,,,,,,,,,,,,,,,,,,,,,,,,,,,,,,,,,,,,,,,,,,,,,,,,,,,,,,,,,,,,,,,,,,,,,,,,342.7113,344.2059,na,TRUE,FALSE,0.36,-0.49,-18.57,25.43,28.73,3.3,11.77666667,gamble,win,28.73,336.30125,1,0.85,3.3,right,1.4852,,344.2061,346.2039,346.204,347.2028,347.2034,348.2039,0,27,27,41,1,,,,,,,,,,,,,,,,,,,,,,,,,,,,,,,,,,,,,,,,,,,,,,,,,,,,,,,,,,,,,,,,,,,,,,,,,,,,,,,,,,,,,,,,,,,,,,,,,,,,,,,,,,,,,,,,,,,,
,,,2024-10-10_09h06.52.511,Mmi_Reward,2023.2.3,Win32,60.97560976,,,,,,,,,,,,,,,,,,,,,,,,,,,,,,,,,,,,,,,,,,,,,,,,,,,,,,,,,,,,,,,,,,,,,,,,,,,,,,,,,,,,,,,,,,,,,,,,,,,,,,,,,,,,,,348.2114,349.4869,na,TRUE,FALSE,0.36,-0.49,-19.06,25.92,26.82,0.9,9.54,gamble,win,26.82,363.12125,1,0.85,0.9,right,1.2591,,349.4873,351.4884,351.4884,352.4864,358.4863,359.4887,0,28,28,29,1,352.4885,352.9877,352.9878,358.4862,0.46,2.4172,,,,,,,,,,,,,,,,,,,,,,,,,,,,,,,,,,,,,,,,,,,,,,,,,,,,,,,,,,,,,,,,,,,,,,,,,,,,,,,,,,,,,,,,,,,,,,,,,,,,,,,,,,,,,,
,,,2024-10-10_09h06.52.511,Mmi_Reward,2023.2.3,Win32,60.97560976,,,,,,,,,,,,,,,,,,,,,,,,,,,,,,,,,,,,,,,,,,,,,,,,,,,,,,,,,,,,,,,,,,,,,,,,,,,,,,,,,,,,,,,,,,,,,,,,,,,,,,,,,,,,,,359.4951,362.0702,na,TRUE,FALSE,0.46,-0.39,-19.45,24.91,23.21,-1.7,6.603333333,gamble,win,23.21,386.33125,1,0.85,-1.7,right,2.558,,362.0704,364.073,364.0731,365.072,365.0731,366.0719,0,29,29,15,1,,,,,,,,,,,,,,,,,,,,,,,,,,,,,,,,,,,,,,,,,,,,,,,,,,,,,,,,,,,,,,,,,,,,,,,,,,,,,,,,,,,,,,,,,,,,,,,,,,,,,,,,,,,,,,,,,,,,
,,,2024-10-10_09h06.52.511,Mmi_Reward,2023.2.3,Win32,60.97560976,,,,,,,,,,,,,,,,,,,,,,,,,,,,,,,,,,,,,,,,,,,,,,,,,,,,,,,,,,,,,,,,,,,,,,,,,,,,,,,,,,,,,,,,,,,,,,,,,,,,,,,,,,,,,,366.0805,368.3541,na,TRUE,FALSE,0.46,-0.39,-19.84,25.3,23.9,-1.4,7.033333333,gamble,win,23.9,410.23125,1,0.85,-1.4,right,2.254,,368.3544,370.354,370.3541,371.3563,377.3533,378.3534,0,30,30,14,1,371.3578,371.8557,371.8558,377.3533,0.47,3.0996,,,,,,,,,,,,,,,,,,,,,,,,,,,,,,,,,,,,,,,,,,,,,,,,,,,,,,,,,,,,,,,,,,,,,,,,,,,,,,,,,,,,,,,,,,,,,,,,,,,,,,,,,,,,,,
,,,2024-10-10_09h06.52.511,Mmi_Reward,2023.2.3,Win32,60.97560976,,,,,,,,,,,,,,,,,,,,,,,,,,,,,,,,,,,,,,,,,,,,,,,,,,,,,,,,,,,,,,,,,,,,,,,,,,,,,,,,,,,,,,,,,,,,,,,,,,,,,,,,,,,,,,378.3599,380.3533,na,TRUE,FALSE,0.47,-0.38,-20.22,25.54,22.04,-3.5,5.013333333,gamble,win,22.04,432.27125,1,0.85,-3.5,right,1.9709,,380.3534,382.3538,382.3539,383.3534,383.3538,384.3533,0,31,31,20,1,,,,,,,,,,,,,,,,,,,,,,,,,,,,,,,,,,,,,,,,,,,,,,,,,,,,,,,,,,,,,,,,,,,,,,,,,,,,,,,,,,,,,,,,,,,,,,,,,,,,,,,,,,,,,,,,,,,,
,,,2024-10-10_09h06.52.511,Mmi_Reward,2023.2.3,Win32,60.97560976,,,,,,,,,,,,,,,,,,,,,,,,,,,,,,,,,,,,,,,,,,,,,,,,,,,,,,,,,,,,,,,,,,,,,,,,,,,,,,,,,,,,,,,,,,,,,,,,,,,,,,,,,,,,,,384.357,386.2708,na,TRUE,FALSE,0.47,-0.38,-20.6,25.92,26.02,0.1,8.74,gamble,win,26.02,458.29125,1,0.85,0.1,right,1.8956,,386.2709,388.2708,388.2709,389.2708,389.2714,390.2708,0,32,32,66,1,,,,,,,,,,,,,,,,,,,,,,,,,,,,,,,,,,,,,,,,,,,,,,,,,,,,,,,,,,,,,,,,,,,,,,,,,,,,,,,,,,,,,,,,,,,,,,,,,,,,,,,,,,,,,,,,,,,,
,,,2024-10-10_09h06.52.511,Mmi_Reward,2023.2.3,Win32,60.97560976,,,,,,,,,,,,,,,,,,,,,,,,,,,,,,,,,,,,,,,,,,,,,,,,,,,,,,,,,,,,,,,,,,,,,,,,,,,,,,,,,,,,,,,,,,,,,,,,,,,,,,,,,,,,,,390.2779,391.7709,na,TRUE,TRUE,0.47,-0.38,-20.98,26.3,29.8,3.5,12.26666667,gamble,win,29.8,488.09125,1,0.85,3.5,right,1.4736,,391.7711,393.7711,393.7712,394.7704,400.7715,401.7714,0,33,33,12,1,394.7706,395.2712,395.2712,400.7713,0.51,2.41,,,,,,,,,,,,,,,,,,,,,,,,,,,,,,,,,,,,,,,,,,,,,,,,,,,,,,,,,,,,,,,,,,,,,,,,,,,,,,,,,,,,,,,,,,,,,,,,,,,,,,,,,,,,,,
,,,2024-10-10_09h06.52.511,Mmi_Reward,2023.2.3,Win32,60.97560976,,,,,,,,,,,,,,,,,,,,,,,,,,,,,,,,,,,,,,,,,,,,,,,,,,,,,,,,,,,,,,,,,,,,,,,,,,,,,,,,,,,,,,,,,,,,,,,,,,,,,,,,,,,,,,401.7795,403.5376,na,FALSE,FALSE,0.51,-0.34,-21.32,-2.966666667,0.416666667,-0.325,-0.077777778,certain,certain,-0.077777778,488.0134722,1,0.85,-1.3,left,1.7506,,403.5377,405.5383,405.5383,406.5384,406.539,407.5383,0,34,34,70,1,,,,,,,,,,,,,,,,,,,,,,,,,,,,,,,,,,,,,,,,,,,,,,,,,,,,,,,,,,,,,,,,,,,,,,,,,,,,,,,,,,,,,,,,,,,,,,,,,,,,,,,,,,,,,,,,,,,,
,,,2024-10-10_09h06.52.511,Mmi_Reward,2023.2.3,Win32,60.97560976,,,,,,,,,,,,,,,,,,,,,,,,,,,,,,,,,,,,,,,,,,,,,,,,,,,,,,,,,,,,,,,,,,,,,,,,,,,,,,,,,,,,,,,,,,,,,,,,,,,,,,,,,,,,,,407.5454,409.1552,na,FALSE,FALSE,0.51,-0.34,-21.66,-2.995,1.04875,0.3,0.549583333,gamble,lose,0.3,488.3134722,1,0.85,1.2,right,1.5905,,409.1553,411.1553,411.1553,412.1553,418.1549,419.1551,0,35,35,46,1,412.1561,412.6553,412.6553,418.1549,0.26,2.4284,,,,,,,,,,,,,,,,,,,,,,,,,,,,,,,,,,,,,,,,,,,,,,,,,,,,,,,,,,,,,,,,,,,,,,,,,,,,,,,,,,,,,,,,,,,,,,,,,,,,,,,,,,,,,,
,,,2024-10-10_09h06.52.511,Mmi_Reward,2023.2.3,Win32,60.97560976,,,,,,,,,,,,,,,,,,,,,,,,,,,,,,,,,,,,,,,,,,,,,,,,,,,,,,,,,,,,,,,,,,,,,,,,,,,,,,,,,,,,,,,,,,,,,,,,,,,,,,,,,,,,,,419.1596,422.1558,na,TRUE,TRUE,0.26,-0.59,-22.25,30.51,34.21,3.7,13.87,gamble,win,34.21,522.5234722,1,0.85,3.7,,,,422.1559,424.1552,424.1552,425.1558,425.1564,426.1558,0,36,36,5,1,,,,,,,,,,,,,,,,,,,,,,,,,,,,,,,,,,,,,,,,,,,,,,,,,,,,,,,,,,,,,,,,,,,,,,,,,,,,,,,,,,,,,,,,,,,,,,,,,,,,,,,,,,,,,,,,,,,,
,,,2024-10-10_09h06.52.511,Mmi_Reward,2023.2.3,Win32,60.97560976,,,,,,,,,,,,,,,,,,,,,,,,,,,,,,,,,,,,,,,,,,,,,,,,,,,,,,,,,,,,,,,,,,,,,,,,,,,,,,,,,,,,,,,,,,,,,,,,,,,,,,,,,,,,,,426.1611,426.989,na,FALSE,FALSE,0.26,-0.59,-22.84,-3.968333333,0.442083333,-0.55,-0.219305556,gamble,lose,-0.55,521.9734722,1,0.85,-2.2,right,0.8205,,426.9892,428.9894,428.9894,429.9895,429.99,430.9892,0,37,37,45,1,,,,,,,,,,,,,,,,,,,,,,,,,,,,,,,,,,,,,,,,,,,,,,,,,,,,,,,,,,,,,,,,,,,,,,,,,,,,,,,,,,,,,,,,,,,,,,,,,,,,,,,,,,,,,,,,,,,,
,,,2024-10-10_09h06.52.511,Mmi_Reward,2023.2.3,Win32,60.97560976,,,,,,,,,,,,,,,,,,,,,,,,,,,,,,,,,,,,,,,,,,,,,,,,,,,,,,,,,,,,,,,,,,,,,,,,,,,,,,,,,,,,,,,,,,,,,,,,,,,,,,,,,,,,,,430.996,432.1895,na,FALSE,TRUE,0.26,-0.59,-23.43,-4.0175,1.779375,0.775,1.109791667,certain,certain,1.109791667,523.0832639,1,0.85,3.1,left,1.1825,,432.1896,434.1896,434.1896,435.1896,441.19,442.1898,0,38,38,59,1,435.1903,435.6895,435.6896,441.1899,0.47,2.2872,,,,,,,,,,,,,,,,,,,,,,,,,,,,,,,,,,,,,,,,,,,,,,,,,,,,,,,,,,,,,,,,,,,,,,,,,,,,,,,,,,,,,,,,,,,,,,,,,,,,,,,,,,,,,,
,,,2024-10-10_09h06.52.511,Mmi_Reward,2023.2.3,Win32,60.97560976,,,,,,,,,,,,,,,,,,,,,,,,,,,,,,,,,,,,,,,,,,,,,,,,,,,,,,,,,,,,,,,,,,,,,,,,,,,,,,,,,,,,,,,,,,,,,,,,,,,,,,,,,,,,,,442.1964,443.0067,na,TRUE,TRUE,0.47,-0.38,-23.81,29.13,27.23,-1.9,7.81,gamble,win,27.23,550.3132639,1,0.85,-1.9,right,0.7995,,443.0069,445.0067,445.0068,446.0067,446.0073,447.0067,0,39,39,2,1,,,,,,,,,,,,,,,,,,,,,,,,,,,,,,,,,,,,,,,,,,,,,,,,,,,,,,,,,,,,,,,,,,,,,,,,,,,,,,,,,,,,,,,,,,,,,,,,,,,,,,,,,,,,,,,,,,,,
,,,2024-10-10_09h06.52.511,Mmi_Reward,2023.2.3,Win32,60.97560976,,,,,,,,,,,,,,,,,,,,,,,,,,,,,,,,,,,,,,,,,,,,,,,,,,,,,,,,,,,,,,,,,,,,,,,,,,,,,,,,,,,,,,,,,,,,,,,,,,,,,,,,,,,,,,447.0138,448.0902,na,TRUE,FALSE,0.47,-0.38,-24.19,29.51,31.31,1.8,11.63666667,certain,certain,11.63666667,561.9499306,1,0.85,1.8,left,1.069,,448.0904,450.0903,450.0903,451.0903,457.0907,458.0904,0,40,40,64,1,451.091,451.5904,451.5905,457.0906,0.49,2.2203,,,,,,,,,,,,,,,,,,,,,,,,,,,,,,,,,,,,,,,,,,,,,,,,,,,,,,,,,,,,,,,,,,,,,,,,,,,,,,,,,,,,,,,,,,,,,,,,,,,,,,,,,,,,,,
,,,2024-10-10_09h06.52.511,Mmi_Reward,2023.2.3,Win32,60.97560976,,,,,,,,,,,,,,,,,,,,,,,,,,,,,,,,,,,,,,,,,,,,,,,,,,,,,,,,,,,,,,,,,,,,,,,,,,,,,,,,,,,,,,,,,,,,,,,,,,,,,,,,,,,,,,458.0973,459.8741,na,FALSE,TRUE,0.49,-0.36,-24.55,-3.305833333,1.101458333,0.275,0.550486111,gamble,lose,0.275,562.2249306,1,0.85,1.1,right,1.7581,,459.8743,461.8741,461.8741,462.8739,462.8744,463.8736,0,41,41,25,1,,,,,,,,,,,,,,,,,,,,,,,,,,,,,,,,,,,,,,,,,,,,,,,,,,,,,,,,,,,,,,,,,,,,,,,,,,,,,,,,,,,,,,,,,,,,,,,,,,,,,,,,,,,,,,,,,,,,
,,,2024-10-10_09h06.52.511,Mmi_Reward,2023.2.3,Win32,60.97560976,,,,,,,,,,,,,,,,,,,,,,,,,,,,,,,,,,,,,,,,,,,,,,,,,,,,,,,,,,,,,,,,,,,,,,,,,,,,,,,,,,,,,,,,,,,,,,,,,,,,,,,,,,,,,,463.8761,465.1738,na,TRUE,TRUE,0.49,-0.36,-24.91,29.95,26.35,-3.6,6.383333333,gamble,win,26.35,588.5749306,1,0.85,-3.6,right,1.2882,,465.1739,467.1741,467.1741,468.174,474.1747,475.1745,0,42,42,18,1,468.1746,468.674,468.674,474.1747,0.51,2.3474,,,,,,,,,,,,,,,,,,,,,,,,,,,,,,,,,,,,,,,,,,,,,,,,,,,,,,,,,,,,,,,,,,,,,,,,,,,,,,,,,,,,,,,,,,,,,,,,,,,,,,,,,,,,,,
,,,2024-10-10_09h06.52.511,Mmi_Reward,2023.2.3,Win32,60.97560976,,,,,,,,,,,,,,,,,,,,,,,,,,,,,,,,,,,,,,,,,,,,,,,,,,,,,,,,,,,,,,,,,,,,,,,,,,,,,,,,,,,,,,,,,,,,,,,,,,,,,,,,,,,,,,475.1792,476.3414,na,FALSE,TRUE,0.51,-0.34,-25.25,-3.294166667,1.248541667,0.425,0.699513889,certain,certain,0.699513889,589.2744444,1,0.85,1.7,left,1.1534,,476.3416,478.3414,478.3415,479.3418,479.3423,480.3418,0,43,43,19,1,,,,,,,,,,,,,,,,,,,,,,,,,,,,,,,,,,,,,,,,,,,,,,,,,,,,,,,,,,,,,,,,,,,,,,,,,,,,,,,,,,,,,,,,,,,,,,,,,,,,,,,,,,,,,,,,,,,,
,,,2024-10-10_09h06.52.511,Mmi_Reward,2023.2.3,Win32,60.97560976,,,,,,,,,,,,,,,,,,,,,,,,,,,,,,,,,,,,,,,,,,,,,,,,,,,,,,,,,,,,,,,,,,,,,,,,,,,,,,,,,,,,,,,,,,,,,,,,,,,,,,,,,,,,,,480.3473,481.3082,na,FALSE,TRUE,0.51,-0.34,-25.59,-3.3225,0.430625,-0.4,-0.123125,gamble,lose,-0.4,588.8744444,1,0.85,-1.6,right,0.9426,,481.3084,483.3084,483.3084,484.3084,484.309,485.3084,0,44,44,34,1,,,,,,,,,,,,,,,,,,,,,,,,,,,,,,,,,,,,,,,,,,,,,,,,,,,,,,,,,,,,,,,,,,,,,,,,,,,,,,,,,,,,,,,,,,,,,,,,,,,,,,,,,,,,,,,,,,,,
,,,2024-10-10_09h06.52.511,Mmi_Reward,2023.2.3,Win32,60.97560976,,,,,,,,,,,,,,,,,,,,,,,,,,,,,,,,,,,,,,,,,,,,,,,,,,,,,,,,,,,,,,,,,,,,,,,,,,,,,,,,,,,,,,,,,,,,,,,,,,,,,,,,,,,,,,485.3131,486.8753,na,TRUE,FALSE,0.51,-0.34,-25.93,30.69,27.49,-3.2,7.03,gamble,win,27.49,616.3644444,1,0.85,-3.2,right,1.5442,,486.8755,488.8753,488.8753,489.8752,495.8757,496.8757,0,45,45,44,1,489.876,490.3753,490.3753,495.8756,0.54,2.232,,,,,,,,,,,,,,,,,,,,,,,,,,,,,,,,,,,,,,,,,,,,,,,,,,,,,,,,,,,,,,,,,,,,,,,,,,,,,,,,,,,,,,,,,,,,,,,,,,,,,,,,,,,,,,
,,,2024-10-10_09h06.52.511,Mmi_Reward,2023.2.3,Win32,60.97560976,,,,,,,,,,,,,,,,,,,,,,,,,,,,,,,,,,,,,,,,,,,,,,,,,,,,,,,,,,,,,,,,,,,,,,,,,,,,,,,,,,,,,,,,,,,,,,,,,,,,,,,,,,,,,,496.8805,498.2591,na,TRUE,FALSE,0.54,-0.31,-26.24,30.58,28.48,-2.1,8.093333333,gamble,win,28.48,644.8444444,1,0.85,-2.1,right,1.3597,,498.2593,500.2591,500.2592,501.2591,501.2596,502.2591,0,46,46,4,1,,,,,,,,,,,,,,,,,,,,,,,,,,,,,,,,,,,,,,,,,,,,,,,,,,,,,,,,,,,,,,,,,,,,,,,,,,,,,,,,,,,,,,,,,,,,,,,,,,,,,,,,,,,,,,,,,,,,
,,,2024-10-10_09h06.52.511,Mmi_Reward,2023.2.3,Win32,60.97560976,,,,,,,,,,,,,,,,,,,,,,,,,,,,,,,,,,,,,,,,,,,,,,,,,,,,,,,,,,,,,,,,,,,,,,,,,,,,,,,,,,,,,,,,,,,,,,,,,,,,,,,,,,,,,,502.2651,503.7428,na,FALSE,TRUE,0.54,-0.31,-26.55,-3.2975,0.774375,-0.05,0.224791667,certain,certain,0.224791667,645.0692361,1,0.85,-0.2,left,1.4595,,503.7429,505.7429,505.743,506.7428,512.7427,513.7426,0,47,47,36,1,506.7434,507.2424,507.2425,512.7426,0.51,2.6198,,,,,,,,,,,,,,,,,,,,,,,,,,,,,,,,,,,,,,,,,,,,,,,,,,,,,,,,,,,,,,,,,,,,,,,,,,,,,,,,,,,,,,,,,,,,,,,,,,,,,,,,,,,,,,
,,,2024-10-10_09h06.52.511,Mmi_Reward,2023.2.3,Win32,60.97560976,,,,,,,,,,,,,,,,,,,,,,,,,,,,,,,,,,,,,,,,,,,,,,,,,,,,,,,,,,,,,,,,,,,,,,,,,,,,,,,,,,,,,,,,,,,,,,,,,,,,,,,,,,,,,,513.7463,515.3932,na,TRUE,TRUE,0.51,-0.34,-26.89,31.65,27.95,-3.7,6.85,gamble,win,27.95,673.0192361,1,0.85,-3.7,right,1.6281,,515.3933,517.393,517.3931,518.3933,518.3938,519.3932,0,48,48,73,1,,,,,,,,,,,,,,,,,,,,,,,,,,,,,,,,,,,,,,,,,,,,,,,,,,,,,,,,,,,,,,,,,,,,,,,,,,,,,,,,,,,,,,,,,,,,,,,,,,,,,,,,,,,,,,,,,,,,
,,,2024-10-10_09h06.52.511,Mmi_Reward,2023.2.3,Win32,60.97560976,,,,,,,,,,,,,,,,,,,,,,,,,,,,,,,,,,,,,,,,,,,,,,,,,,,,,,,,,,,,,,,,,,,,,,,,,,,,,,,,,,,,,,,,,,,,,,,,,,,,,,,,,,,,,,519.399,520.5098,na,FALSE,FALSE,0.51,-0.34,-27.23,-3.459166667,0.764791667,-0.1,0.188263889,certain,certain,0.188263889,673.2075,1,0.85,-0.4,left,1.1048,,520.5099,522.5102,522.5102,523.5102,529.5105,530.5105,0,49,49,10,1,523.5109,524.0104,524.0105,529.5104,0.57,2.2916,,,,,,,,,,,,,,,,,,,,,,,,,,,,,,,,,,,,,,,,,,,,,,,,,,,,,,,,,,,,,,,,,,,,,,,,,,,,,,,,,,,,,,,,,,,,,,,,,,,,,,,,,,,,,,
,,,2024-10-10_09h06.52.511,Mmi_Reward,2023.2.3,Win32,60.97560976,,,,,,,,,,,,,,,,,,,,,,,,,,,,,,,,,,,,,,,,,,,,,,,,,,,,,,,,,,,,,,,,,,,,,,,,,,,,,,,,,,,,,,,,,,,,,,,,,,,,,,,,,,,,,,530.5166,531.7606,na,TRUE,FALSE,0.57,-0.28,-27.51,31.43,30.33,-1.1,9.376666667,gamble,win,30.33,703.5375,1,0.85,-1.1,right,1.2291,,531.7606,533.7606,533.7606,534.7608,534.7615,535.7606,0,50,50,7,1,,,,,,,,,,,,,,,,,,,,,,,,,,,,,,,,,,,,,,,,,,,,,,,,,,,,,,,,,,,,,,,,,,,,,,,,,,,,,,,,,,,,,,,,,,,,,,,,,,,,,,,,,,,,,,,,,,,,
,,,2024-10-10_09h06.52.511,Mmi_Reward,2023.2.3,Win32,60.97560976,,,,,,,,,,,,,,,,,,,,,,,,,,,,,,,,,,,,,,,,,,,,,,,,,,,,,,,,,,,,,,,,,,,,,,,,,,,,,,,,,,,,,,,,,,,,,,,,,,,,,,,,,,,,,,535.7669,536.8109,na,FALSE,FALSE,0.57,-0.28,-27.79,-3.295833333,0.173958333,-0.65,-0.375347222,certain,certain,-0.375347222,703.1621528,1,0.85,-2.6,left,1.0345,,536.8111,538.8107,538.8107,539.8111,539.8118,540.8109,0,51,51,37,1,,,,,,,,,,,,,,,,,,,,,,,,,,,,,,,,,,,,,,,,,,,,,,,,,,,,,,,,,,,,,,,,,,,,,,,,,,,,,,,,,,,,,,,,,,,,,,,,,,,,,,,,,,,,,,,,,,,,
,,,2024-10-10_09h06.52.511,Mmi_Reward,2023.2.3,Win32,60.97560976,,,,,,,,,,,,,,,,,,,,,,,,,,,,,,,,,,,,,,,,,,,,,,,,,,,,,,,,,,,,,,,,,,,,,,,,,,,,,,,,,,,,,,,,,,,,,,,,,,,,,,,,,,,,,,540.8179,541.6944,na,TRUE,TRUE,0.57,-0.28,-28.07,31.99,34.29,2.3,12.96333333,gamble,win,34.29,737.4521528,1,0.85,2.3,right,0.8633,,541.6945,543.6943,543.6944,544.6944,550.6948,551.6947,0,52,52,28,1,544.6952,545.1943,545.1944,550.6947,0.6,2.2165,,,,,,,,,,,,,,,,,,,,,,,,,,,,,,,,,,,,,,,,,,,,,,,,,,,,,,,,,,,,,,,,,,,,,,,,,,,,,,,,,,,,,,,,,,,,,,,,,,,,,,,,,,,,,,
,,,2024-10-10_09h06.52.511,Mmi_Reward,2023.2.3,Win32,60.97560976,,,,,,,,,,,,,,,,,,,,,,,,,,,,,,,,,,,,,,,,,,,,,,,,,,,,,,,,,,,,,,,,,,,,,,,,,,,,,,,,,,,,,,,,,,,,,,,,,,,,,,,,,,,,,,551.7012,552.9782,na,TRUE,TRUE,0.6,-0.25,-28.32,31.82,33.42,1.6,12.20666667,gamble,win,33.42,770.8721528,1,0.85,1.6,right,1.2636,,552.9784,554.9781,554.9782,555.9781,555.9786,556.9783,0,53,53,13,1,,,,,,,,,,,,,,,,,,,,,,,,,,,,,,,,,,,,,,,,,,,,,,,,,,,,,,,,,,,,,,,,,,,,,,,,,,,,,,,,,,,,,,,,,,,,,,,,,,,,,,,,,,,,,,,,,,,,
,,,2024-10-10_09h06.52.511,Mmi_Reward,2023.2.3,Win32,60.97560976,,,,,,,,,,,,,,,,,,,,,,,,,,,,,,,,,,,,,,,,,,,,,,,,,,,,,,,,,,,,,,,,,,,,,,,,,,,,,,,,,,,,,,,,,,,,,,,,,,,,,,,,,,,,,,556.9855,558.0618,na,FALSE,TRUE,0.6,-0.25,-28.57,-3.255833333,1.163958333,0.35,0.621319444,certain,certain,0.621319444,771.4934722,1,0.85,1.4,left,1.0575,,558.062,560.0618,560.0619,561.0618,567.0621,568.0617,0,54,54,57,1,561.0625,561.5616,561.5616,567.062,0.6,2.6078,,,,,,,,,,,,,,,,,,,,,,,,,,,,,,,,,,,,,,,,,,,,,,,,,,,,,,,,,,,,,,,,,,,,,,,,,,,,,,,,,,,,,,,,,,,,,,,,,,,,,,,,,,,,,,
,,,2024-10-10_09h06.52.511,Mmi_Reward,2023.2.3,Win32,60.97560976,,,,,,,,,,,,,,,,,,,,,,,,,,,,,,,,,,,,,,,,,,,,,,,,,,,,,,,,,,,,,,,,,,,,,,,,,,,,,,,,,,,,,,,,,,,,,,,,,,,,,,,,,,,,,,568.0678,569.0791,na,TRUE,TRUE,0.6,-0.25,-28.82,32.32,34.52,2.2,12.97333333,gamble,win,34.52,806.0134722,1,0.85,2.2,right,0.9997,,569.0792,571.079,571.079,572.079,572.0796,573.079,0,55,55,69,1,,,,,,,,,,,,,,,,,,,,,,,,,,,,,,,,,,,,,,,,,,,,,,,,,,,,,,,,,,,,,,,,,,,,,,,,,,,,,,,,,,,,,,,,,,,,,,,,,,,,,,,,,,,,,,,,,,,,
,,,2024-10-10_09h06.52.511,Mmi_Reward,2023.2.3,Win32,60.97560976,,,,,,,,,,,,,,,,,,,,,,,,,,,,,,,,,,,,,,,,,,,,,,,,,,,,,,,,,,,,,,,,,,,,,,,,,,,,,,,,,,,,,,,,,,,,,,,,,,,,,,,,,,,,,,573.0863,574.9291,na,FALSE,FALSE,0.6,-0.25,-29.07,-3.2975,0.874375,0.05,0.324791667,certain,certain,0.324791667,806.3382639,1,0.85,0.2,left,1.8308,,574.9292,576.9292,576.9292,577.9293,577.9298,578.9293,0,56,56,23,1,,,,,,,,,,,,,,,,,,,,,,,,,,,,,,,,,,,,,,,,,,,,,,,,,,,,,,,,,,,,,,,,,,,,,,,,,,,,,,,,,,,,,,,,,,,,,,,,,,,,,,,,,,,,,,,,,,,,
,,,2024-10-10_09h06.52.511,Mmi_Reward,2023.2.3,Win32,60.97560976,,,,,,,,,,,,,,,,,,,,,,,,,,,,,,,,,,,,,,,,,,,,,,,,,,,,,,,,,,,,,,,,,,,,,,,,,,,,,,,,,,,,,,,,,,,,,,,,,,,,,,,,,,,,,,578.9352,580.4463,na,TRUE,TRUE,0.6,-0.25,-29.32,32.82,30.42,-2.4,8.54,gamble,win,30.42,836.7582639,1,0.85,-2.4,right,1.4981,,580.4463,582.4456,582.4456,583.4462,589.4466,590.4464,0,57,57,31,1,583.4469,583.9461,583.9462,589.4465,0.64,2.187,,,,,,,,,,,,,,,,,,,,,,,,,,,,,,,,,,,,,,,,,,,,,,,,,,,,,,,,,,,,,,,,,,,,,,,,,,,,,,,,,,,,,,,,,,,,,,,,,,,,,,,,,,,,,,
,,,2024-10-10_09h06.52.511,Mmi_Reward,2023.2.3,Win32,60.97560976,,,,,,,,,,,,,,,,,,,,,,,,,,,,,,,,,,,,,,,,,,,,,,,,,,,,,,,,,,,,,,,,,,,,,,,,,,,,,,,,,,,,,,,,,,,,,,,,,,,,,,,,,,,,,,590.4524,592.0632,na,FALSE,TRUE,0.64,-0.21,-29.53,-3.195833333,-0.151041667,-0.95,-0.683680556,gamble,lose,-0.95,835.8082639,1,0.85,-3.8,right,1.5935,,592.0634,594.0634,594.0635,595.0635,595.0641,596.0634,0,58,58,11,1,,,,,,,,,,,,,,,,,,,,,,,,,,,,,,,,,,,,,,,,,,,,,,,,,,,,,,,,,,,,,,,,,,,,,,,,,,,,,,,,,,,,,,,,,,,,,,,,,,,,,,,,,,,,,,,,,,,,
,,,2024-10-10_09h06.52.511,Mmi_Reward,2023.2.3,Win32,60.97560976,,,,,,,,,,,,,,,,,,,,,,,,,,,,,,,,,,,,,,,,,,,,,,,,,,,,,,,,,,,,,,,,,,,,,,,,,,,,,,,,,,,,,,,,,,,,,,,,,,,,,,,,,,,,,,596.0695,597.4469,na,FALSE,FALSE,0.64,-0.21,-29.74,-3.213333333,0.503333333,-0.3,-0.032222222,gamble,lose,-0.3,835.5082639,1,0.85,-1.2,right,1.3591,,597.447,599.447,599.4471,600.447,606.4472,607.4471,0,59,59,54,1,600.4478,600.9467,600.9468,606.4471,0.68,2.2552,,,,,,,,,,,,,,,,,,,,,,,,,,,,,,,,,,,,,,,,,,,,,,,,,,,,,,,,,,,,,,,,,,,,,,,,,,,,,,,,,,,,,,,,,,,,,,,,,,,,,,,,,,,,,,
,,,2024-10-10_09h06.52.511,Mmi_Reward,2023.2.3,Win32,60.97560976,,,,,,,,,,,,,,,,,,,,,,,,,,,,,,,,,,,,,,,,,,,,,,,,,,,,,,,,,,,,,,,,,,,,,,,,,,,,,,,,,,,,,,,,,,,,,,,,,,,,,,,,,,,,,,607.4542,608.5309,na,TRUE,FALSE,0.68,-0.17,-29.91,32.29,35.69,3.4,14.16333333,gamble,win,35.69,871.1982639,1,0.85,3.4,right,1.0569,,608.5311,610.5307,610.5307,611.5308,611.5315,612.5308,0,60,60,52,1,,,,,,,,,,,,,,,,,,,,,,,,,,,,,,,,,,,,,,,,,,,,,,,,,,,,,,,,,,,,,,,,,,,,,,,,,,,,,,,,,,,,,,,,,,,,,,,,,,,,,,,,,,,,,,,,,,,,
,,,2024-10-10_09h06.52.511,Mmi_Reward,2023.2.3,Win32,60.97560976,,,,,,,,,,,,,,,,,,,,,,,,,,,,,,,,,,,,,,,,,,,,,,,,,,,,,,,,,,,,,,,,,,,,,,,,,,,,,,,,,,,,,,,,,,,,,,,,,,,,,,,,,,,,,,612.5362,613.8974,na,TRUE,TRUE,0.68,-0.17,-30.08,32.46,35.36,2.9,13.72,gamble,win,35.36,906.5582639,1,0.85,2.9,right,1.3433,,613.8976,615.8972,615.8972,616.8978,622.8977,623.8976,0,61,61,8,1,616.8986,617.3977,617.3977,622.8977,0.71,3.0124,,,,,,,,,,,,,,,,,,,,,,,,,,,,,,,,,,,,,,,,,,,,,,,,,,,,,,,,,,,,,,,,,,,,,,,,,,,,,,,,,,,,,,,,,,,,,,,,,,,,,,,,,,,,,,
,,,2024-10-10_09h06.52.511,Mmi_Reward,2023.2.3,Win32,60.97560976,,,,,,,,,,,,,,,,,,,,,,,,,,,,,,,,,,,,,,,,,,,,,,,,,,,,,,,,,,,,,,,,,,,,,,,,,,,,,,,,,,,,,,,,,,,,,,,,,,,,,,,,,,,,,,623.9011,624.931,na,FALSE,TRUE,0.71,-0.14,-30.22,-3.008333333,0.927083333,0.175,0.425694444,certain,certain,0.425694444,906.9839583,1,0.85,0.7,left,1.0127,,624.931,626.9312,626.9313,627.9315,627.9321,628.9315,0,62,62,24,1,,,,,,,,,,,,,,,,,,,,,,,,,,,,,,,,,,,,,,,,,,,,,,,,,,,,,,,,,,,,,,,,,,,,,,,,,,,,,,,,,,,,,,,,,,,,,,,,,,,,,,,,,,,,,,,,,,,,
,,,2024-10-10_09h06.52.511,Mmi_Reward,2023.2.3,Win32,60.97560976,,,,,,,,,,,,,,,,,,,,,,,,,,,,,,,,,,,,,,,,,,,,,,,,,,,,,,,,,,,,,,,,,,,,,,,,,,,,,,,,,,,,,,,,,,,,,,,,,,,,,,,,,,,,,,628.9392,630.9817,na,TRUE,FALSE,0.71,-0.14,-30.36,32.32,34.82,2.5,13.27333333,gamble,win,34.82,941.8039583,1,0.85,2.5,right,2.0337,,630.9818,632.9818,632.9818,633.9818,633.9824,634.9817,0,63,63,49,1,,,,,,,,,,,,,,,,,,,,,,,,,,,,,,,,,,,,,,,,,,,,,,,,,,,,,,,,,,,,,,,,,,,,,,,,,,,,,,,,,,,,,,,,,,,,,,,,,,,,,,,,,,,,,,,,,,,,
,,,2024-10-10_09h06.52.511,Mmi_Reward,2023.2.3,Win32,60.97560976,,,,,,,,,,,,,,,,,,,,,,,,,,,,,,,,,,,,,,,,,,,,,,,,,,,,,,,,,,,,,,,,,,,,,,,,,,,,,,,,,,,,,,,,,,,,,,,,,,,,,,,,,,,,,,634.9872,636.4651,na,FALSE,TRUE,0.71,-0.14,-30.5,-3.031666667,0.557916667,-0.2,0.052638889,gamble,lose,-0.2,941.6039583,1,0.85,-0.8,right,1.4594,,636.4652,638.4654,638.4654,639.4654,645.4653,646.4655,0,64,64,50,1,639.4663,639.9653,639.9653,645.4653,0.65,2.137,,,,,,,,,,,,,,,,,,,,,,,,,,,,,,,,,,,,,,,,,,,,,,,,,,,,,,,,,,,,,,,,,,,,,,,,,,,,,,,,,,,,,,,,,,,,,,,,,,,,,,,,,,,,,,
,,,2024-10-10_09h06.52.511,Mmi_Reward,2023.2.3,Win32,60.97560976,,,,,,,,,,,,,,,,,,,,,,,,,,,,,,,,,,,,,,,,,,,,,,,,,,,,,,,,,,,,,,,,,,,,,,,,,,,,,,,,,,,,,,,,,,,,,,,,,,,,,,,,,,,,,,646.4709,647.9823,na,FALSE,FALSE,0.65,-0.2,-30.7,-3.258333333,0.789583333,-0.025,0.246527778,gamble,lose,-0.025,941.5789583,1,0.85,-0.1,right,1.4943,,647.9824,649.9825,649.9826,650.9823,650.9828,651.9823,0,65,65,71,1,,,,,,,,,,,,,,,,,,,,,,,,,,,,,,,,,,,,,,,,,,,,,,,,,,,,,,,,,,,,,,,,,,,,,,,,,,,,,,,,,,,,,,,,,,,,,,,,,,,,,,,,,,,,,,,,,,,,
,,,2024-10-10_09h06.52.511,Mmi_Reward,2023.2.3,Win32,60.97560976,,,,,,,,,,,,,,,,,,,,,,,,,,,,,,,,,,,,,,,,,,,,,,,,,,,,,,,,,,,,,,,,,,,,,,,,,,,,,,,,,,,,,,,,,,,,,,,,,,,,,,,,,,,,,,651.9865,653.4994,na,TRUE,FALSE,0.65,-0.2,-30.9,33.7,31,-2.7,8.533333333,gamble,win,31,972.5789583,1,0.85,-2.7,right,1.4945,,653.4995,655.4994,655.4996,656.4995,662.4998,663.4995,0,66,66,62,1,656.5002,656.9995,656.9995,662.4997,0.67,2.1708,,,,,,,,,,,,,,,,,,,,,,,,,,,,,,,,,,,,,,,,,,,,,,,,,,,,,,,,,,,,,,,,,,,,,,,,,,,,,,,,,,,,,,,,,,,,,,,,,,,,,,,,,,,,,,
,,,2024-10-10_09h06.52.511,Mmi_Reward,2023.2.3,Win32,60.97560976,,,,,,,,,,,,,,,,,,,,,,,,,,,,,,,,,,,,,,,,,,,,,,,,,,,,,,,,,,,,,,,,,,,,,,,,,,,,,,,,,,,,,,,,,,,,,,,,,,,,,,,,,,,,,,663.5071,664.5664,na,TRUE,TRUE,0.67,-0.18,-31.08,33.6,37.2,3.6,14.8,gamble,win,37.2,1009.778958,1,0.85,3.6,right,1.0378,,664.5665,666.5666,666.5666,667.5665,667.5671,668.5666,0,67,67,43,1,,,,,,,,,,,,,,,,,,,,,,,,,,,,,,,,,,,,,,,,,,,,,,,,,,,,,,,,,,,,,,,,,,,,,,,,,,,,,,,,,,,,,,,,,,,,,,,,,,,,,,,,,,,,,,,,,,,,
,,,2024-10-10_09h06.52.511,Mmi_Reward,2023.2.3,Win32,60.97560976,,,,,,,,,,,,,,,,,,,,,,,,,,,,,,,,,,,,,,,,,,,,,,,,,,,,,,,,,,,,,,,,,,,,,,,,,,,,,,,,,,,,,,,,,,,,,,,,,,,,,,,,,,,,,,668.5725,670.1668,na,TRUE,FALSE,0.67,-0.18,-31.26,33.78,31.98,-1.8,9.46,gamble,win,31.98,1041.758958,1,0.85,-1.8,right,1.5823,,670.1669,672.1667,672.1668,673.1665,673.167,674.1666,0,68,68,47,1,,,,,,,,,,,,,,,,,,,,,,,,,,,,,,,,,,,,,,,,,,,,,,,,,,,,,,,,,,,,,,,,,,,,,,,,,,,,,,,,,,,,,,,,,,,,,,,,,,,,,,,,,,,,,,,,,,,,
,,,2024-10-10_09h06.52.511,Mmi_Reward,2023.2.3,Win32,60.97560976,,,,,,,,,,,,,,,,,,,,,,,,,,,,,,,,,,,,,,,,,,,,,,,,,,,,,,,,,,,,,,,,,,,,,,,,,,,,,,,,,,,,,,,,,,,,,,,,,,,,,,,,,,,,,,674.1726,676.667,na,TRUE,FALSE,0.67,-0.18,-31.44,33.96,36.66,2.7,14.02,certain,certain,14.02,1055.778958,1,0.85,2.7,left,2.4824,,676.6672,678.6671,678.6672,679.6672,685.6673,686.6674,0,69,69,55,1,679.6677,680.1665,680.1666,685.6673,0.57,2.4732,,,,,,,,,,,,,,,,,,,,,,,,,,,,,,,,,,,,,,,,,,,,,,,,,,,,,,,,,,,,,,,,,,,,,,,,,,,,,,,,,,,,,,,,,,,,,,,,,,,,,,,,,,,,,,
,,,2024-10-10_09h06.52.511,Mmi_Reward,2023.2.3,Win32,60.97560976,,,,,,,,,,,,,,,,,,,,,,,,,,,,,,,,,,,,,,,,,,,,,,,,,,,,,,,,,,,,,,,,,,,,,,,,,,,,,,,,,,,,,,,,,,,,,,,,,,,,,,,,,,,,,,686.6712,687.667,na,TRUE,TRUE,0.57,-0.28,-31.72,35.64,34.64,-1,10.88,gamble,win,34.64,1090.418958,1,0.85,-1,right,0.9875,,687.6671,689.6673,689.6674,690.6675,690.6681,691.667,0,70,70,27,1,,,,,,,,,,,,,,,,,,,,,,,,,,,,,,,,,,,,,,,,,,,,,,,,,,,,,,,,,,,,,,,,,,,,,,,,,,,,,,,,,,,,,,,,,,,,,,,,,,,,,,,,,,,,,,,,,,,,
,,,2024-10-10_09h06.52.511,Mmi_Reward,2023.2.3,Win32,60.97560976,,,,,,,,,,,,,,,,,,,,,,,,,,,,,,,,,,,,,,,,,,,,,,,,,,,,,,,,,,,,,,,,,,,,,,,,,,,,,,,,,,,,,,,,,,,,,,,,,,,,,,,,,,,,,,691.6701,692.884,na,FALSE,TRUE,0.57,-0.28,-32,-3.646666667,0.786666667,-0.125,0.178888889,gamble,lose,-0.125,1090.293958,1,0.85,-0.5,right,1.2071,,692.8842,694.8841,694.8841,695.8843,701.8843,702.8843,0,71,71,63,1,695.8849,696.3839,696.3839,701.8843,0.5,2.1458,,,,,,,,,,,,,,,,,,,,,,,,,,,,,,,,,,,,,,,,,,,,,,,,,,,,,,,,,,,,,,,,,,,,,,,,,,,,,,,,,,,,,,,,,,,,,,,,,,,,,,,,,,,,,,
,,,2024-10-10_09h06.52.511,Mmi_Reward,2023.2.3,Win32,60.97560976,,,,,,,,,,,,,,,,,,,,,,,,,,,,,,,,,,,,,,,,,,,,,,,,,,,,,,,,,,,,,,,,,,,,,,,,,,,,,,,,,,,,,,,,,,,,,,,,,,,,,,,,,,,,,,702.8868,704.3678,na,FALSE,FALSE,0.5,-0.35,-32.35,-3.920833333,0.130208333,-0.85,-0.523263889,gamble,lose,-0.85,1089.443958,1,0.85,-3.4,right,1.4648,,704.3678,706.3679,706.368,707.3681,707.3685,708.3682,0,72,72,53,1,,,,,,,,,,,,,,,,,,,,,,,,,,,,,,,,,,,,,,,,,,,,,,,,,,,,,,,,,,,,,,,,,,,,,,,,,,,,,,,,,,,,,,,,,,,,,,,,,,,,,,,,,,,,,,,,,,,,
,,,2024-10-10_09h06.52.511,Mmi_Reward,2023.2.3,Win32,60.97560976,,,,,,,,,,,,,,,,,,,,,,,,,,,,,,,,,,,,,,,,,,,,,,,,,,,,,,,,,,,,,,,,,,,,,,,,,,,,,,,,,,,,,,,,,,,,,,,,,,,,,,,,,,,,,,708.3729,709.3682,na,TRUE,TRUE,0.5,-0.35,-32.7,37.6,37.3,-0.3,12.23333333,gamble,win,37.3,1126.743958,1,0.85,-0.3,right,0.9804,,709.3684,711.3683,711.3683,712.3685,718.3684,719.3687,0,73,73,61,1,712.3692,712.868,712.868,718.3684,0.51,2.9562,,,,,,,,,,,,,,,,,,,,,,,,,,,,,,,,,,,,,,,,,,,,,,,,,,,,,,,,,,,,,,,,,,,,,,,,,,,,,,,,,,,,,,,,,,,,,,,,,,,,,,,,,,,,,,
,,,2024-10-10_09h06.52.511,Mmi_Reward,2023.2.3,Win32,60.97560976,,,,,,,,,,,,,,,,,,,,,,,,,,,,,,,,,,,,,,,,,,,,,,,,,,,,,,,,,,,,,,,,,,,,,,,,,,,,,,,,,,,,,,,,,,,,,,,,,,,,,,,,,,,,,,719.3721,721.0351,na,TRUE,FALSE,0.51,-0.34,-33.04,37.8,35.3,-2.5,10.1,gamble,win,35.3,1162.043958,1,0.85,-2.5,right,1.6525,,721.0352,723.0355,723.0355,724.0354,724.0357,725.0356,0,74,74,38,1,,,,,,,,,,,,,,,,,,,,,,,,,,,,,,,,,,,,,,,,,,,,,,,,,,,,,,,,,,,,,,,,,,,,,,,,,,,,,,,,,,,,,,,,,,,,,,,,,,,,,,,,,,,,,,,,,,,,
,,,2024-10-10_09h06.52.511,Mmi_Reward,2023.2.3,Win32,60.97560976,,,,,,,,,,,,,,,,,,,,,,,,,,,,,,,,,,,,,,,,,,,,,,,,,,,,,,,,,,,,,,,,,,,,,,,,,,,,,,,,,,,,,,,,,,,,,,,,,,,,,,,,,,,,,,,,,,,,,,,,,,,,,,,,,,,,,,,,,,,,,,,,,,,,,,,,725.0365,728.9863,space,3.9312,,728.9865,748.0733,32,12 ,space,14.8126,,748.0737,756.0042,1,1.8837,1,3.0197,1,7.0365,space,0.8656,,756.0044,765.6227,2,4.7214,Depression ,space,9.5971,,765.6228,768.1546,space,2.5225,,768.1547,776.255,2,8.0551,,776.2551,782.4217,2,6.1303,,782.4219,785.2223,1,2.7614,,785.2225,787.0889,2,1.8345,,787.0891,790.0391,4,2.9072,,790.0392,793.4388,4,3.3579,,793.4391,798.6723,c,c,5.2122,,798.6725,804.0395,2,5.3329,,804.0397,811.4732,2,7.3919,,811.4733,814.3232,2,2.806,,814.3234,1162.043958,6,819.9073,space,5.5578,,819.9075,0,825.2403,space,2.3084,,825.2405,825.2541,0,0,0,0,1
